id,label,vertex.id,team,onset,onset.censored,terminus,terminus.censored,duration
Acie Law,Acie Law,1,ATL,,FALSE,,FALSE,
Adam Keefe,Adam Keefe,2,ATL,,FALSE,,FALSE,
Adreian Payne,Adreian Payne,3,ATL,,FALSE,,FALSE,
Al Ferrari,Al Ferrari,4,ATL,,FALSE,,FALSE,
Al Harrington,Al Harrington,5,ATL,,FALSE,,FALSE,
Al Horford,Al Horford,6,ATL,,FALSE,,FALSE,
Al Masino,Al Masino,7,ATL,,FALSE,,FALSE,
Al Wood,Al Wood,8,ATL,,FALSE,,FALSE,
Alan Henderson,Alan Henderson,9,ATL,,FALSE,,FALSE,
Alex Hannum,Alex Hannum,10,ATL,,FALSE,,FALSE,
Alex Len,Alex Len,11,ATL,,FALSE,,FALSE,
Alex Poythress,Alex Poythress,12,ATL,,FALSE,,FALSE,
Alex Stivrins,Alex Stivrins,13,ATL,,FALSE,,FALSE,
Alexander Volkov,Alexander Volkov,14,ATL,,FALSE,,FALSE,
Amal McCaskill,Amal McCaskill,15,ATL,,FALSE,,FALSE,
Andre Spencer,Andre Spencer,16,ATL,,FALSE,,FALSE,
Andrew Lang,Andrew Lang,17,ATL,,FALSE,,FALSE,
Andrew Levane,Andrew Levane,18,ATL,,FALSE,,FALSE,
Andrew White,Andrew White,19,ATL,,FALSE,,FALSE,
Andy Panko,Andy Panko,20,ATL,,FALSE,,FALSE,
Anthony Grundy,Anthony Grundy,21,ATL,,FALSE,,FALSE,
Anthony Johnson,Anthony Johnson,22,ATL,,FALSE,,FALSE,
Anthony Miller,Anthony Miller,23,ATL,,FALSE,,FALSE,
Anthony Morrow,Anthony Morrow,24,ATL,,FALSE,,FALSE,
Anthony Tolliver,Anthony Tolliver,25,ATL,,FALSE,,FALSE,
Antoine Carr,Antoine Carr,26,ATL,,FALSE,,FALSE,
Antoine Walker,Antoine Walker,27,ATL,,FALSE,,FALSE,
Antonio Harvey,Antonio Harvey,28,ATL,,FALSE,,FALSE,
Antonius Cleveland,Antonius Cleveland,29,ATL,,FALSE,,FALSE,
Archie Dees,Archie Dees,30,ATL,,FALSE,,FALSE,
Armond Hill,Armond Hill,31,ATL,,FALSE,,FALSE,
Art Burris,Art Burris,32,ATL,,FALSE,,FALSE,
Art Collins,Art Collins,33,ATL,,FALSE,,FALSE,
Austin Daye,Austin Daye,34,ATL,,FALSE,,FALSE,
B.J. Johnson,B.J. Johnson,35,ATL,,FALSE,,FALSE,
Barney Cable,Barney Cable,36,ATL,,FALSE,,FALSE,
Bevo Nordmann,Bevo Nordmann,37,ATL,,FALSE,,FALSE,
Bill Bridges,Bill Bridges,38,ATL,,FALSE,,FALSE,
Bill Calhoun,Bill Calhoun,39,ATL,,FALSE,,FALSE,
Bill Henry,Bill Henry,40,ATL,,FALSE,,FALSE,
Bill McGill,Bill McGill,41,ATL,,FALSE,,FALSE,
Bill Tosheff,Bill Tosheff,42,ATL,,FALSE,,FALSE,
Bill Willoughby,Bill Willoughby,43,ATL,,FALSE,,FALSE,
Billy Hassett,Billy Hassett,44,ATL,,FALSE,,FALSE,
Billy Paultz,Billy Paultz,45,ATL,,FALSE,,FALSE,
Bimbo Coles,Bimbo Coles,46,ATL,,FALSE,,FALSE,
Blair Rasmussen,Blair Rasmussen,47,ATL,,FALSE,,FALSE,
Bob Carpenter,Bob Carpenter,48,ATL,,FALSE,,FALSE,
Bob Christian,Bob Christian,49,ATL,,FALSE,,FALSE,
Bob Joseph Duffy,Bob Joseph Duffy,50,ATL,,FALSE,,FALSE,
Bob Ferry,Bob Ferry,51,ATL,,FALSE,,FALSE,
Bob Harrison,Bob Harrison,52,ATL,,FALSE,,FALSE,
Bob Houbregs,Bob Houbregs,53,ATL,,FALSE,,FALSE,
Bob Kauffman,Bob Kauffman,54,ATL,,FALSE,,FALSE,
Bob Lavoy,Bob Lavoy,55,ATL,,FALSE,,FALSE,
Bob Peterson,Bob Peterson,56,ATL,,FALSE,,FALSE,
Bob Pettit,Bob Pettit,57,ATL,,FALSE,,FALSE,
Bob Riley,Bob Riley,58,ATL,,FALSE,,FALSE,
Bob Schafer,Bob Schafer,59,ATL,,FALSE,,FALSE,
Bob Sims,Bob Sims,60,ATL,,FALSE,,FALSE,
Bob Sura,Bob Sura,61,ATL,,FALSE,,FALSE,
Bob Wilson,Bob Wilson,62,ATL,,FALSE,,FALSE,
Bobby Watson,Bobby Watson,63,ATL,,FALSE,,FALSE,
Boris Diaw,Boris Diaw,64,ATL,,FALSE,,FALSE,
Brandon Williams,Brandon Williams,65,ATL,,FALSE,,FALSE,
Brevin Knight,Brevin Knight,66,ATL,,FALSE,,FALSE,
Brian Oliver,Brian Oliver,67,ATL,,FALSE,,FALSE,
Bucky McConnell,Bucky McConnell,68,ATL,,FALSE,,FALSE,
Butch Beard,Butch Beard,69,ATL,,FALSE,,FALSE,
Butch Lee,Butch Lee,70,ATL,,FALSE,,FALSE,
Cal Bowdler,Cal Bowdler,71,ATL,,FALSE,,FALSE,
Cal Christensen,Cal Christensen,72,ATL,,FALSE,,FALSE,
Cal Ramsey,Cal Ramsey,73,ATL,,FALSE,,FALSE,
Carl McNulty,Carl McNulty,74,ATL,,FALSE,,FALSE,
Cartier Martin,Cartier Martin,75,ATL,,FALSE,,FALSE,
Cedric Bozeman,Cedric Bozeman,76,ATL,,FALSE,,FALSE,
Cedric Henderson,Cedric Henderson,77,ATL,,FALSE,,FALSE,
Charlie Black,Charlie Black,78,ATL,,FALSE,,FALSE,
Charlie Criss,Charlie Criss,79,ATL,,FALSE,,FALSE,
Chico Vaughn,Chico Vaughn,80,ATL,,FALSE,,FALSE,
Chris Crawford,Chris Crawford,81,ATL,,FALSE,,FALSE,
Chris Harris,Chris Harris,82,ATL,,FALSE,,FALSE,
Chris Washburn,Chris Washburn,83,ATL,,FALSE,,FALSE,
Christian Laettner,Christian Laettner,84,ATL,,FALSE,,FALSE,
Chuck Cooper,Chuck Cooper,85,ATL,,FALSE,,FALSE,
Chuck Share,Chuck Share,86,ATL,,FALSE,,FALSE,
Chucky Brown,Chucky Brown,87,ATL,,FALSE,,FALSE,
Claude Terry,Claude Terry,88,ATL,,FALSE,,FALSE,
Cleo Hill,Cleo Hill,89,ATL,,FALSE,,FALSE,
Cliff Hagan,Cliff Hagan,90,ATL,,FALSE,,FALSE,
Cliff Levingston,Cliff Levingston,91,ATL,,FALSE,,FALSE,
Clyde Lee,Clyde Lee,92,ATL,,FALSE,,FALSE,
Clyde Lovellette,Clyde Lovellette,93,ATL,,FALSE,,FALSE,
Connie Hawkins,Connie Hawkins,94,ATL,,FALSE,,FALSE,
Corey Benjamin,Corey Benjamin,95,ATL,,FALSE,,FALSE,
Craig Ehlo,Craig Ehlo,96,ATL,,FALSE,,FALSE,
Craig Shelton,Craig Shelton,97,ATL,,FALSE,,FALSE,
Dahntay Jones,Dahntay Jones,98,ATL,,FALSE,,FALSE,
Dale Schlueter,Dale Schlueter,99,ATL,,FALSE,,FALSE,
Damien Wilkins,Damien Wilkins,100,ATL,,FALSE,,FALSE,
Damion Lee,Damion Lee,101,ATL,,FALSE,,FALSE,
Dan Dickau,Dan Dickau,102,ATL,,FALSE,,FALSE,
Dan Roundfield,Dan Roundfield,103,ATL,,FALSE,,FALSE,
Daniel Hamilton,Daniel Hamilton,104,ATL,,FALSE,,FALSE,
Danny Manning,Danny Manning,105,ATL,,FALSE,,FALSE,
Darrin Hancock,Darrin Hancock,106,ATL,,FALSE,,FALSE,
Darvin Ham,Darvin Ham,107,ATL,,FALSE,,FALSE,
Dave Gambee,Dave Gambee,108,ATL,,FALSE,,FALSE,
Dave Minor,Dave Minor,109,ATL,,FALSE,,FALSE,
Dave Newmark,Dave Newmark,110,ATL,,FALSE,,FALSE,
Dave Piontek,Dave Piontek,111,ATL,,FALSE,,FALSE,
Dean Meminger,Dean Meminger,112,ATL,,FALSE,,FALSE,
DeAndre' Bembry,DeAndre' Bembry,113,ATL,,FALSE,,FALSE,
Dee Gibson,Dee Gibson,114,ATL,,FALSE,,FALSE,
DeMarre Carroll,DeMarre Carroll,115,ATL,,FALSE,,FALSE,
Dennis DuVal,Dennis DuVal,116,ATL,,FALSE,,FALSE,
Dennis Hamilton,Dennis Hamilton,117,ATL,,FALSE,,FALSE,
Dennis Schroder,Dennis Schroder,118,ATL,,FALSE,,FALSE,
DerMarr Johnson,DerMarr Johnson,119,ATL,,FALSE,,FALSE,
Derrick Alston,Derrick Alston,120,ATL,,FALSE,,FALSE,
DeShawn Stevenson,DeShawn Stevenson,121,ATL,,FALSE,,FALSE,
Devin Harris,Devin Harris,122,ATL,,FALSE,,FALSE,
Dewayne Dedmon,Dewayne Dedmon,123,ATL,,FALSE,,FALSE,
Dexter Pittman,Dexter Pittman,124,ATL,,FALSE,,FALSE,
Deyonta Davis,Deyonta Davis,125,ATL,,FALSE,,FALSE,
Dick Mehen,Dick Mehen,126,ATL,,FALSE,,FALSE,
Dick Ricketts,Dick Ricketts,127,ATL,,FALSE,,FALSE,
Dick Schulz,Dick Schulz,128,ATL,,FALSE,,FALSE,
Dick Snyder,Dick Snyder,129,ATL,,FALSE,,FALSE,
Dick Surhoff,Dick Surhoff,130,ATL,,FALSE,,FALSE,
Dickey Simpkins,Dickey Simpkins,131,ATL,,FALSE,,FALSE,
Dijon Thompson,Dijon Thompson,132,ATL,,FALSE,,FALSE,
Dike Eddleman,Dike Eddleman,133,ATL,,FALSE,,FALSE,
Dikembe Mutombo,Dikembe Mutombo,134,ATL,,FALSE,,FALSE,
Dillard Crocker,Dillard Crocker,135,ATL,,FALSE,,FALSE,
Dion Glover,Dion Glover,136,ATL,,FALSE,,FALSE,
Doc Rivers,Doc Rivers,137,ATL,,FALSE,,FALSE,
Dominique Wilkins,Dominique Wilkins,138,ATL,,FALSE,,FALSE,
Don Adams,Don Adams,139,ATL,,FALSE,,FALSE,
Don Boven,Don Boven,140,ATL,,FALSE,,FALSE,
Don Collins,Don Collins,141,ATL,,FALSE,,FALSE,
Don Lofgran,Don Lofgran,142,ATL,,FALSE,,FALSE,
Don May,Don May,143,ATL,,FALSE,,FALSE,
Don Ohl,Don Ohl,144,ATL,,FALSE,,FALSE,
Don Otten,Don Otten,145,ATL,,FALSE,,FALSE,
Don Ray,Don Ray,146,ATL,,FALSE,,FALSE,
Don Rehfeldt,Don Rehfeldt,147,ATL,,FALSE,,FALSE,
Don Sunderlage,Don Sunderlage,148,ATL,,FALSE,,FALSE,
Donald Sloan,Donald Sloan,149,ATL,,FALSE,,FALSE,
Donald Whiteside,Donald Whiteside,150,ATL,,FALSE,,FALSE,
Donnie Boyce,Donnie Boyce,151,ATL,,FALSE,,FALSE,
Donta Smith,Donta Smith,152,ATL,,FALSE,,FALSE,
Doug Edwards,Doug Edwards,153,ATL,,FALSE,,FALSE,
Drew Barry,Drew Barry,154,ATL,,FALSE,,FALSE,
Duane Ferrell,Duane Ferrell,155,ATL,,FALSE,,FALSE,
Dudley Bradley,Dudley Bradley,156,ATL,,FALSE,,FALSE,
Dwight Howard,Dwight Howard,157,ATL,,FALSE,,FALSE,
Dwight Jones,Dwight Jones,158,ATL,,FALSE,,FALSE,
Dwight Waller,Dwight Waller,159,ATL,,FALSE,,FALSE,
Ed Beach,Ed Beach,160,ATL,,FALSE,,FALSE,
Ed Burton,Ed Burton,161,ATL,,FALSE,,FALSE,
Ed Gayda,Ed Gayda,162,ATL,,FALSE,,FALSE,
Ed Gray,Ed Gray,163,ATL,,FALSE,,FALSE,
Ed Macauley,Ed Macauley,164,ATL,,FALSE,,FALSE,
Ed Peterson,Ed Peterson,165,ATL,,FALSE,,FALSE,
Eddie Johnson Jr.,Eddie Johnson Jr.,166,ATL,,FALSE,,FALSE,
Eddie Mast,Eddie Mast,167,ATL,,FALSE,,FALSE,
Eddie Miller,Eddie Miller,168,ATL,,FALSE,,FALSE,
Edy Tavares,Edy Tavares,169,ATL,,FALSE,,FALSE,
Eldridge Recasner,Eldridge Recasner,170,ATL,,FALSE,,FALSE,
Elmer Behnke,Elmer Behnke,171,ATL,,FALSE,,FALSE,
Elton Brand,Elton Brand,172,ATL,,FALSE,,FALSE,
Emanual Davis,Emanual Davis,173,ATL,,FALSE,,FALSE,
Ennis Whatley,Ennis Whatley,174,ATL,,FALSE,,FALSE,
Erick Dampier,Erick Dampier,175,ATL,,FALSE,,FALSE,
Ernie Beck,Ernie Beck,176,ATL,,FALSE,,FALSE,
Ersan Ilyasova,Ersan Ilyasova,177,ATL,,FALSE,,FALSE,
Esteban Batista,Esteban Batista,178,ATL,,FALSE,,FALSE,
Etan Thomas,Etan Thomas,179,ATL,,FALSE,,FALSE,
Frank Selvy,Frank Selvy,180,ATL,,FALSE,,FALSE,
Frankie Brian,Frankie Brian,181,ATL,,FALSE,,FALSE,
Fred Diute,Fred Diute,182,ATL,,FALSE,,FALSE,
Fred LaCour,Fred LaCour,183,ATL,,FALSE,,FALSE,
Fred Vinson,Fred Vinson,184,ATL,,FALSE,,FALSE,
Freeman Williams,Freeman Williams,185,ATL,,FALSE,,FALSE,
Gary Gregor,Gary Gregor,186,ATL,,FALSE,,FALSE,
Gary Leonard,Gary Leonard,187,ATL,,FALSE,,FALSE,
Gary Neal,Gary Neal,188,ATL,,FALSE,,FALSE,
Gene Berce,Gene Berce,189,ATL,,FALSE,,FALSE,
Gene Dyker,Gene Dyker,190,ATL,,FALSE,,FALSE,
Gene Englund,Gene Englund,191,ATL,,FALSE,,FALSE,
Gene Tormohlen,Gene Tormohlen,192,ATL,,FALSE,,FALSE,
Gene Vance,Gene Vance,193,ATL,,FALSE,,FALSE,
George Feigenbaum,George Feigenbaum,194,ATL,,FALSE,,FALSE,
George T. Johnson,George T. Johnson,195,ATL,,FALSE,,FALSE,
George Lehmann,George Lehmann,196,ATL,,FALSE,,FALSE,
George Nostrand,George Nostrand,197,ATL,,FALSE,,FALSE,
George Ratkovicz,George Ratkovicz,198,ATL,,FALSE,,FALSE,
George Trapp,George Trapp,199,ATL,,FALSE,,FALSE,
Gerry Ward,Gerry Ward,200,ATL,,FALSE,,FALSE,
Glenn Robinson Jr.,Glenn Robinson Jr.,201,ATL,,FALSE,,FALSE,
Grady O'Malley,Grady O'Malley,202,ATL,,FALSE,,FALSE,
Grant Long,Grant Long,203,ATL,,FALSE,,FALSE,
Greg Anderson,Greg Anderson,204,ATL,,FALSE,,FALSE,
Greg Foster,Greg Foster,205,ATL,,FALSE,,FALSE,
Gus Williams,Gus Williams,206,ATL,,FALSE,,FALSE,
Gustavo Ayon,Gustavo Ayon,207,ATL,,FALSE,,FALSE,
Hank DeZonie,Hank DeZonie,208,ATL,,FALSE,,FALSE,
Hanno Mottola,Hanno Mottola,209,ATL,,FALSE,,FALSE,
Harry Boykoff,Harry Boykoff,210,ATL,,FALSE,,FALSE,
Haywoode Workman,Haywoode Workman,211,ATL,,FALSE,,FALSE,
Henry Dickerson,Henry Dickerson,212,ATL,,FALSE,,FALSE,
Henry James,Henry James,213,ATL,,FALSE,,FALSE,
Herb Scherer,Herb Scherer,214,ATL,,FALSE,,FALSE,
Herb White,Herb White,215,ATL,,FALSE,,FALSE,
Herm Gilliam,Herm Gilliam,216,ATL,,FALSE,,FALSE,
Hilton Armstrong,Hilton Armstrong,217,ATL,,FALSE,,FALSE,
Hiram Fuller,Hiram Fuller,218,ATL,,FALSE,,FALSE,
Howard Nathan,Howard Nathan,219,ATL,,FALSE,,FALSE,
Howard Wright,Howard Wright,220,ATL,,FALSE,,FALSE,
Hub Reed,Hub Reed,221,ATL,,FALSE,,FALSE,
Ira Bowman,Ira Bowman,222,ATL,,FALSE,,FALSE,
Ira Newble,Ira Newble,223,ATL,,FALSE,,FALSE,
Irv Bemoras,Irv Bemoras,224,ATL,,FALSE,,FALSE,
Isaac Humphries,Isaac Humphries,225,ATL,,FALSE,,FALSE,
Isaac Walthour,Isaac Walthour,226,ATL,,FALSE,,FALSE,
Isaiah Rider,Isaiah Rider,227,ATL,,FALSE,,FALSE,
Isaiah Taylor,Isaiah Taylor,228,ATL,,FALSE,,FALSE,
Ivan Johnson,Ivan Johnson,229,ATL,,FALSE,,FALSE,
Ivano Newbill,Ivano Newbill,230,ATL,,FALSE,,FALSE,
Jack Coleman,Jack Coleman,231,ATL,,FALSE,,FALSE,
Jack Givens,Jack Givens,232,ATL,,FALSE,,FALSE,
Jack Kerris,Jack Kerris,233,ATL,,FALSE,,FALSE,
Jack McMahon,Jack McMahon,234,ATL,,FALSE,,FALSE,
Jack Nichols,Jack Nichols,235,ATL,,FALSE,,FALSE,
Jack Stephens,Jack Stephens,236,ATL,,FALSE,,FALSE,
Jackie Moore,Jackie Moore,237,ATL,,FALSE,,FALSE,
Jacque Vaughn,Jacque Vaughn,238,ATL,,FALSE,,FALSE,
Jamal Crawford,Jamal Crawford,239,ATL,,FALSE,,FALSE,
James Nunnally,James Nunnally,240,ATL,,FALSE,,FALSE,
James Thomas,James Thomas,241,ATL,,FALSE,,FALSE,
Jannero Pargo,Jannero Pargo,242,ATL,,FALSE,,FALSE,
Jared Cunningham,Jared Cunningham,243,ATL,,FALSE,,FALSE,
Jason Collier,Jason Collier,244,ATL,,FALSE,,FALSE,
Jason Collins,Jason Collins,245,ATL,,FALSE,,FALSE,
Jason Terry,Jason Terry,246,ATL,,FALSE,,FALSE,
Jay Miller,Jay Miller,247,ATL,,FALSE,,FALSE,
Jaylen Adams,Jaylen Adams,248,ATL,,FALSE,,FALSE,
Jaylen Morris,Jaylen Morris,249,ATL,,FALSE,,FALSE,
Jeff Halliburton,Jeff Halliburton,250,ATL,,FALSE,,FALSE,
Jeff Mullins,Jeff Mullins,251,ATL,,FALSE,,FALSE,
Jeff Sanders,Jeff Sanders,252,ATL,,FALSE,,FALSE,
Jeff Sheppard,Jeff Sheppard,253,ATL,,FALSE,,FALSE,
Jeff Teague,Jeff Teague,254,ATL,,FALSE,,FALSE,
Jelani McCoy,Jelani McCoy,255,ATL,,FALSE,,FALSE,
Jeremy Evans,Jeremy Evans,256,ATL,,FALSE,,FALSE,
Jeremy Lin,Jeremy Lin,257,ATL,,FALSE,,FALSE,
Jeremy Richardson,Jeremy Richardson,258,ATL,,FALSE,,FALSE,
Jeremy Tyler,Jeremy Tyler,259,ATL,,FALSE,,FALSE,
Jermaine Jackson,Jermaine Jackson,260,ATL,,FALSE,,FALSE,
Jerry Chambers,Jerry Chambers,261,ATL,,FALSE,,FALSE,
Jerry Eaves,Jerry Eaves,262,ATL,,FALSE,,FALSE,
Jerry Fowler,Jerry Fowler,263,ATL,,FALSE,,FALSE,
Jerry Stackhouse,Jerry Stackhouse,264,ATL,,FALSE,,FALSE,
Jim Brasco,Jim Brasco,265,ATL,,FALSE,,FALSE,
Jim Creighton,Jim Creighton,266,ATL,,FALSE,,FALSE,
Jim Davis,Jim Davis,267,ATL,,FALSE,,FALSE,
Jim Jackson,Jim Jackson,268,ATL,,FALSE,,FALSE,
Jim Les,Jim Les,269,ATL,,FALSE,,FALSE,
Jim McElroy,Jim McElroy,270,ATL,,FALSE,,FALSE,
Jim Washington,Jim Washington,271,ATL,,FALSE,,FALSE,
Jimmy Darrow,Jimmy Darrow,272,ATL,,FALSE,,FALSE,
Joe Caldwell,Joe Caldwell,273,ATL,,FALSE,,FALSE,
Joe Graboski,Joe Graboski,274,ATL,,FALSE,,FALSE,
Joe Johnson,Joe Johnson,275,ATL,,FALSE,,FALSE,
Joe Meriweather,Joe Meriweather,276,ATL,,FALSE,,FALSE,
Joe Smith,Joe Smith,277,ATL,,FALSE,,FALSE,
Joel Przybilla,Joel Przybilla,278,ATL,,FALSE,,FALSE,
Johan Petro,Johan Petro,279,ATL,,FALSE,,FALSE,
John Bagley,John Bagley,280,ATL,,FALSE,,FALSE,
John Barber,John Barber,281,ATL,,FALSE,,FALSE,
John Barnhill,John Barnhill,282,ATL,,FALSE,,FALSE,
John Battle,John Battle,283,ATL,,FALSE,,FALSE,
John Brown,John Brown,284,ATL,,FALSE,,FALSE,
John Chaney,John Chaney,285,ATL,,FALSE,,FALSE,
John Collins,John Collins,286,ATL,,FALSE,,FALSE,
John Drew,John Drew,287,ATL,,FALSE,,FALSE,
John Edwards,John Edwards,288,ATL,,FALSE,,FALSE,
John Hargis,John Hargis,289,ATL,,FALSE,,FALSE,
John Jenkins,John Jenkins,290,ATL,,FALSE,,FALSE,
John Logan,John Logan,291,ATL,,FALSE,,FALSE,
John Long,John Long,292,ATL,,FALSE,,FALSE,
John Mahnken,John Mahnken,293,ATL,,FALSE,,FALSE,
John McConathy,John McConathy,294,ATL,,FALSE,,FALSE,
John O'Boyle,John O'Boyle,295,ATL,,FALSE,,FALSE,
John Pinone,John Pinone,296,ATL,,FALSE,,FALSE,
John Rennicke,John Rennicke,297,ATL,,FALSE,,FALSE,
John Thomas,John Thomas,298,ATL,,FALSE,,FALSE,
John Tresvant,John Tresvant,299,ATL,,FALSE,,FALSE,
John Tschogl,John Tschogl,300,ATL,,FALSE,,FALSE,
John Vallely,John Vallely,301,ATL,,FALSE,,FALSE,
John Wetzel,John Wetzel,302,ATL,,FALSE,,FALSE,
Johnny Davis,Johnny Davis,303,ATL,,FALSE,,FALSE,
Johnny McCarthy,Johnny McCarthy,304,ATL,,FALSE,,FALSE,
Johnny Payak,Johnny Payak,305,ATL,,FALSE,,FALSE,
Jon Barry,Jon Barry,306,ATL,,FALSE,,FALSE,
Jon Koncak,Jon Koncak,307,ATL,,FALSE,,FALSE,
Jordan Crawford,Jordan Crawford,308,ATL,,FALSE,,FALSE,
Jordan Sibert,Jordan Sibert,309,ATL,,FALSE,,FALSE,
Jose Calderon,Jose Calderon,310,ATL,,FALSE,,FALSE,
Josh Childress,Josh Childress,311,ATL,,FALSE,,FALSE,
Josh Davis,Josh Davis,312,ATL,,FALSE,,FALSE,
Josh Magette,Josh Magette,313,ATL,,FALSE,,FALSE,
Josh Powell,Josh Powell,314,ATL,,FALSE,,FALSE,
Josh Smith,Josh Smith,315,ATL,,FALSE,,FALSE,
Justin Anderson,Justin Anderson,316,ATL,,FALSE,,FALSE,
Justin Holiday,Justin Holiday,317,ATL,,FALSE,,FALSE,
Keith Edmonson,Keith Edmonson,318,ATL,,FALSE,,FALSE,
Keith Herron,Keith Herron,319,ATL,,FALSE,,FALSE,
Ken Charles,Ken Charles,320,ATL,,FALSE,,FALSE,
Ken McBride,Ken McBride,321,ATL,,FALSE,,FALSE,
Ken Norman,Ken Norman,322,ATL,,FALSE,,FALSE,
Ken Rohloff,Ken Rohloff,323,ATL,,FALSE,,FALSE,
Kenny Anderson,Kenny Anderson,324,ATL,,FALSE,,FALSE,
Kenny Smith,Kenny Smith,325,ATL,,FALSE,,FALSE,
Kent Bazemore,Kent Bazemore,326,ATL,,FALSE,,FALSE,
Kevin Huerter,Kevin Huerter,327,ATL,,FALSE,,FALSE,
Kevin O'Shea,Kevin O'Shea,328,ATL,,FALSE,,FALSE,
Kevin Willis,Kevin Willis,329,ATL,,FALSE,,FALSE,
Kirk Hinrich,Kirk Hinrich,330,ATL,,FALSE,,FALSE,
Kleggie Hermsen,Kleggie Hermsen,331,ATL,,FALSE,,FALSE,
Kris Humphries,Kris Humphries,332,ATL,,FALSE,,FALSE,
Kyle Korver,Kyle Korver,333,ATL,,FALSE,,FALSE,
Lamar Patterson,Lamar Patterson,334,ATL,,FALSE,,FALSE,
LaPhonso Ellis,LaPhonso Ellis,335,ATL,,FALSE,,FALSE,
Larry Foust,Larry Foust,336,ATL,,FALSE,,FALSE,
Larry Robinson,Larry Robinson,337,ATL,,FALSE,,FALSE,
Larry Siegfried,Larry Siegfried,338,ATL,,FALSE,,FALSE,
Lee Nailon,Lee Nailon,339,ATL,,FALSE,,FALSE,
Len Chappell,Len Chappell,340,ATL,,FALSE,,FALSE,
Lenny Wilkens,Lenny Wilkens,341,ATL,,FALSE,,FALSE,
Leo Rautins,Leo Rautins,342,ATL,,FALSE,,FALSE,
Leon Smith,Leon Smith,343,ATL,,FALSE,,FALSE,
Leon Wood,Leon Wood,344,ATL,,FALSE,,FALSE,
Lew Hitch,Lew Hitch,345,ATL,,FALSE,,FALSE,
Lorenzen Wright,Lorenzen Wright,346,ATL,,FALSE,,FALSE,
Lorenzo Charles,Lorenzo Charles,347,ATL,,FALSE,,FALSE,
Lou Hudson,Lou Hudson,348,ATL,,FALSE,,FALSE,
Lou Williams,Lou Williams,349,ATL,,FALSE,,FALSE,
Luke Babbitt,Luke Babbitt,350,ATL,,FALSE,,FALSE,
Mac Otten,Mac Otten,351,ATL,,FALSE,,FALSE,
Malcolm Delaney,Malcolm Delaney,352,ATL,,FALSE,,FALSE,
Mamadou N'Diaye,Mamadou N'Diaye,353,ATL,,FALSE,,FALSE,
Marco Belinelli,Marco Belinelli,354,ATL,,FALSE,,FALSE,
Mario West,Mario West,355,ATL,,FALSE,,FALSE,
Mark Landsberger,Mark Landsberger,356,ATL,,FALSE,,FALSE,
Mark Strickland,Mark Strickland,357,ATL,,FALSE,,FALSE,
Mark West,Mark West,358,ATL,,FALSE,,FALSE,
Mark Workman,Mark Workman,359,ATL,,FALSE,,FALSE,
Marvin Williams,Marvin Williams,360,ATL,,FALSE,,FALSE,
Matt Bullard,Matt Bullard,361,ATL,,FALSE,,FALSE,
Matt Freije,Matt Freije,362,ATL,,FALSE,,FALSE,
Matt Maloney,Matt Maloney,363,ATL,,FALSE,,FALSE,
Maurice Cheeks,Maurice Cheeks,364,ATL,,FALSE,,FALSE,
Maurice Evans,Maurice Evans,365,ATL,,FALSE,,FALSE,
Max Zaslofsky,Max Zaslofsky,366,ATL,,FALSE,,FALSE,
Med Park,Med Park,367,ATL,,FALSE,,FALSE,
Mel Hutchins,Mel Hutchins,368,ATL,,FALSE,,FALSE,
Michael Bradley,Michael Bradley,369,ATL,,FALSE,,FALSE,
Michael Stewart,Michael Stewart,370,ATL,,FALSE,,FALSE,
Michael Wilson,Michael Wilson,371,ATL,,FALSE,,FALSE,
Mike Bibby,Mike Bibby,372,ATL,,FALSE,,FALSE,
Mike Dunleavy Jr.,Mike Dunleavy Jr.,373,ATL,,FALSE,,FALSE,
Mike Farmer,Mike Farmer,374,ATL,,FALSE,,FALSE,
Mike Glenn,Mike Glenn,375,ATL,,FALSE,,FALSE,
Mike McGee,Mike McGee,376,ATL,,FALSE,,FALSE,
Mike Muscala,Mike Muscala,377,ATL,,FALSE,,FALSE,
Mike O'Neill,Mike O'Neill,378,ATL,,FALSE,,FALSE,
Mike Scott,Mike Scott,379,ATL,,FALSE,,FALSE,
Mike Sojourner,Mike Sojourner,380,ATL,,FALSE,,FALSE,
Mike Todorovich,Mike Todorovich,381,ATL,,FALSE,,FALSE,
Mike Wilks,Mike Wilks,382,ATL,,FALSE,,FALSE,
Mike Williams,Mike Williams,383,ATL,,FALSE,,FALSE,
Mikki Moore,Mikki Moore,384,ATL,,FALSE,,FALSE,
Miles Plumlee,Miles Plumlee,385,ATL,,FALSE,,FALSE,
Milt Williams,Milt Williams,386,ATL,,FALSE,,FALSE,
Mookie Blaylock,Mookie Blaylock,387,ATL,,FALSE,,FALSE,
Morlon Wiley,Morlon Wiley,388,ATL,,FALSE,,FALSE,
Moses Malone,Moses Malone,389,ATL,,FALSE,,FALSE,
Murray Wier,Murray Wier,390,ATL,,FALSE,,FALSE,
Nate DeLong,Nate DeLong,391,ATL,,FALSE,,FALSE,
Nazr Mohammed,Nazr Mohammed,392,ATL,,FALSE,,FALSE,
Nick Mantis,Nick Mantis,393,ATL,,FALSE,,FALSE,
Nicolas Brussino,Nicolas Brussino,394,ATL,,FALSE,,FALSE,
Noble Jorgensen,Noble Jorgensen,395,ATL,,FALSE,,FALSE,
Norm Stewart,Norm Stewart,396,ATL,,FALSE,,FALSE,
Obinna Ekezie,Obinna Ekezie,397,ATL,,FALSE,,FALSE,
Odie Spears,Odie Spears,398,ATL,,FALSE,,FALSE,
Ollie Johnson,Ollie Johnson,399,ATL,,FALSE,,FALSE,
Omari Spellman,Omari Spellman,400,ATL,,FALSE,,FALSE,
Othello Hunter,Othello Hunter,401,ATL,,FALSE,,FALSE,
Pace Mannion,Pace Mannion,402,ATL,,FALSE,,FALSE,
Pape Sy,Pape Sy,403,ATL,,FALSE,,FALSE,
Paul Graham,Paul Graham,404,ATL,,FALSE,,FALSE,
Paul Millsap,Paul Millsap,405,ATL,,FALSE,,FALSE,
Paul Shirley,Paul Shirley,406,ATL,,FALSE,,FALSE,
Paul Silas,Paul Silas,407,ATL,,FALSE,,FALSE,
Pep Saul,Pep Saul,408,ATL,,FALSE,,FALSE,
Pepe Sanchez,Pepe Sanchez,409,ATL,,FALSE,,FALSE,
Pero Antic,Pero Antic,410,ATL,,FALSE,,FALSE,
Pete Darcey,Pete Darcey,411,ATL,,FALSE,,FALSE,
Pete Maravich,Pete Maravich,412,ATL,,FALSE,,FALSE,
Phil Jordon,Phil Jordon,413,ATL,,FALSE,,FALSE,
Phil Martin,Phil Martin,414,ATL,,FALSE,,FALSE,
Phil Rollins,Phil Rollins,415,ATL,,FALSE,,FALSE,
Predrag Drobnjak,Predrag Drobnjak,416,ATL,,FALSE,,FALSE,
Priest Lauderdale,Priest Lauderdale,417,ATL,,FALSE,,FALSE,
Randolph Morris,Randolph Morris,418,ATL,,FALSE,,FALSE,
Randy Breuer,Randy Breuer,419,ATL,,FALSE,,FALSE,
Randy Denton,Randy Denton,420,ATL,,FALSE,,FALSE,
Randy Livingston,Randy Livingston,421,ATL,,FALSE,,FALSE,
Randy Smith,Randy Smith,422,ATL,,FALSE,,FALSE,
Randy Wittman,Randy Wittman,423,ATL,,FALSE,,FALSE,
Rasheed Wallace,Rasheed Wallace,424,ATL,,FALSE,,FALSE,
Ray Corley,Ray Corley,425,ATL,,FALSE,,FALSE,
Ray Tolbert,Ray Tolbert,426,ATL,,FALSE,,FALSE,
Ray Williams,Ray Williams,427,ATL,,FALSE,,FALSE,
Red Holzman,Red Holzman,428,ATL,,FALSE,,FALSE,
Red Morrison,Red Morrison,429,ATL,,FALSE,,FALSE,
Red Owens,Red Owens,430,ATL,,FALSE,,FALSE,
Reggie Jordan,Reggie Jordan,431,ATL,,FALSE,,FALSE,
Reggie Slater,Reggie Slater,432,ATL,,FALSE,,FALSE,
Reggie Theus,Reggie Theus,433,ATL,,FALSE,,FALSE,
Rich Eichhorst,Rich Eichhorst,434,ATL,,FALSE,,FALSE,
Richie Guerin,Richie Guerin,435,ATL,,FALSE,,FALSE,
Rick Wilson,Rick Wilson,436,ATL,,FALSE,,FALSE,
Rickey Brown,Rickey Brown,437,ATL,,FALSE,,FALSE,
Ricky Grace,Ricky Grace,438,ATL,,FALSE,,FALSE,
Rod Thorn,Rod Thorn,439,ATL,,FALSE,,FALSE,
Rodney Monroe,Rodney Monroe,440,ATL,,FALSE,,FALSE,
Ron Behagen,Ron Behagen,441,ATL,,FALSE,,FALSE,
Ron Davis,Ron Davis,442,ATL,,FALSE,,FALSE,
Ron Grandison,Ron Grandison,443,ATL,,FALSE,,FALSE,
Ron Horn,Ron Horn,444,ATL,,FALSE,,FALSE,
Ron Lee,Ron Lee,445,ATL,,FALSE,,FALSE,
Ronald Murray,Ronald Murray,446,ATL,,FALSE,,FALSE,
Ronnie MacGilvray,Ronnie MacGilvray,447,ATL,,FALSE,,FALSE,
Rory Sparrow,Rory Sparrow,448,ATL,,FALSE,,FALSE,
Roshown McLeod,Roshown McLeod,449,ATL,,FALSE,,FALSE,
Roy Marble,Roy Marble,450,ATL,,FALSE,,FALSE,
Royal Ivey,Royal Ivey,451,ATL,,FALSE,,FALSE,
Rudy Macklin,Rudy Macklin,452,ATL,,FALSE,,FALSE,
Rumeal Robinson,Rumeal Robinson,453,ATL,,FALSE,,FALSE,
Ryan Kelly,Ryan Kelly,454,ATL,,FALSE,,FALSE,
Salim Stoudamire,Salim Stoudamire,455,ATL,,FALSE,,FALSE,
Sam Pellom,Sam Pellom,456,ATL,,FALSE,,FALSE,
Scott Hastings,Scott Hastings,457,ATL,,FALSE,,FALSE,
Sean Colson,Sean Colson,458,ATL,,FALSE,,FALSE,
Sean Rooks,Sean Rooks,459,ATL,,FALSE,,FALSE,
Sedric Toney,Sedric Toney,460,ATL,,FALSE,,FALSE,
Sergei Bazarevich,Sergei Bazarevich,461,ATL,,FALSE,,FALSE,
Shaler Halimon,Shaler Halimon,462,ATL,,FALSE,,FALSE,
Shammond Williams,Shammond Williams,463,ATL,,FALSE,,FALSE,
Shareef Abdur-Rahim,Shareef Abdur-Rahim,464,ATL,,FALSE,,FALSE,
Shelden Williams,Shelden Williams,465,ATL,,FALSE,,FALSE,
Shellie McMillon,Shellie McMillon,466,ATL,,FALSE,,FALSE,
Shelvin Mack,Shelvin Mack,467,ATL,,FALSE,,FALSE,
Si Green,Si Green,468,ATL,,FALSE,,FALSE,
Sidney Lowe,Sidney Lowe,469,ATL,,FALSE,,FALSE,
Sidney Moncrief,Sidney Moncrief,470,ATL,,FALSE,,FALSE,
Skip Harlicka,Skip Harlicka,471,ATL,,FALSE,,FALSE,
Slater Martin,Slater Martin,472,ATL,,FALSE,,FALSE,
Sly Williams,Sly Williams,473,ATL,,FALSE,,FALSE,
Solomon Jones,Solomon Jones,474,ATL,,FALSE,,FALSE,
Speedy Claxton,Speedy Claxton,475,ATL,,FALSE,,FALSE,
Spud Webb,Spud Webb,476,ATL,,FALSE,,FALSE,
Stacey Arceneaux,Stacey Arceneaux,477,ATL,,FALSE,,FALSE,
Stacey Augmon,Stacey Augmon,478,ATL,,FALSE,,FALSE,
Stan Miasek,Stan Miasek,479,ATL,,FALSE,,FALSE,
Stanislav Medvedenko,Stanislav Medvedenko,480,ATL,,FALSE,,FALSE,
Stephen Jackson,Stephen Jackson,481,ATL,,FALSE,,FALSE,
Steve Bracey,Steve Bracey,482,ATL,,FALSE,,FALSE,
Steve Hawes,Steve Hawes,483,ATL,,FALSE,,FALSE,
Steve Henson,Steve Henson,484,ATL,,FALSE,,FALSE,
Steve Smith,Steve Smith,485,ATL,,FALSE,,FALSE,
Stewart Granger,Stewart Granger,486,ATL,,FALSE,,FALSE,
Taurean Waller-Prince,Taurean Waller-Prince,487,ATL,,FALSE,,FALSE,
Terry Furlow,Terry Furlow,488,ATL,,FALSE,,FALSE,
Thabo Sefolosha,Thabo Sefolosha,489,ATL,,FALSE,,FALSE,
Theo Ratliff,Theo Ratliff,490,ATL,,FALSE,,FALSE,
Thomas Gardner,Thomas Gardner,491,ATL,,FALSE,,FALSE,
Tiago Splitter,Tiago Splitter,492,ATL,,FALSE,,FALSE,
Tim Hardaway Jr.,Tim Hardaway Jr.,493,ATL,,FALSE,,FALSE,
Tim Kempton,Tim Kempton,494,ATL,,FALSE,,FALSE,
Tim McCormick,Tim McCormick,495,ATL,,FALSE,,FALSE,
Todd Mundt,Todd Mundt,496,ATL,,FALSE,,FALSE,
Tom Barker,Tom Barker,497,ATL,,FALSE,,FALSE,
Tom Burleson,Tom Burleson,498,ATL,,FALSE,,FALSE,
Tom Gugliotta,Tom Gugliotta,499,ATL,,FALSE,,FALSE,
Tom Henderson,Tom Henderson,500,ATL,,FALSE,,FALSE,
Tom Hoover,Tom Hoover,501,ATL,,FALSE,,FALSE,
Tom Hovasse,Tom Hovasse,502,ATL,,FALSE,,FALSE,
Tom Ingelsby,Tom Ingelsby,503,ATL,,FALSE,,FALSE,
Tom McMillen,Tom McMillen,504,ATL,,FALSE,,FALSE,
Tom Payne,Tom Payne,505,ATL,,FALSE,,FALSE,
Tom Van Arsdale,Tom Van Arsdale,506,ATL,,FALSE,,FALSE,
Tom Workman,Tom Workman,507,ATL,,FALSE,,FALSE,
Tommy Byrnes,Tommy Byrnes,508,ATL,,FALSE,,FALSE,
Tommy Kron,Tommy Kron,509,ATL,,FALSE,,FALSE,
Toni Kukoc,Toni Kukoc,510,ATL,,FALSE,,FALSE,
Tony Delk,Tony Delk,511,ATL,,FALSE,,FALSE,
Tony Robertson,Tony Robertson,512,ATL,,FALSE,,FALSE,
Tony Smith,Tony Smith,513,ATL,,FALSE,,FALSE,
Tracy McGrady,Tracy McGrady,514,ATL,,FALSE,,FALSE,
Trae Young,Trae Young,515,ATL,,FALSE,,FALSE,
Travis Hansen,Travis Hansen,516,ATL,,FALSE,,FALSE,
Travis Mays,Travis Mays,517,ATL,,FALSE,,FALSE,
Tree Rollins,Tree Rollins,518,ATL,,FALSE,,FALSE,
Trevor Wilson,Trevor Wilson,519,ATL,,FALSE,,FALSE,
Truck Robinson,Truck Robinson,520,ATL,,FALSE,,FALSE,
Tyler Cavanaugh,Tyler Cavanaugh,521,ATL,,FALSE,,FALSE,
Tyler Dorsey,Tyler Dorsey,522,ATL,,FALSE,,FALSE,
Tyler Zeller,Tyler Zeller,523,ATL,,FALSE,,FALSE,
Tyrone Corbin,Tyrone Corbin,524,ATL,,FALSE,,FALSE,
Tyronn Lue,Tyronn Lue,525,ATL,,FALSE,,FALSE,
Vern Hatton,Vern Hatton,526,ATL,,FALSE,,FALSE,
Vince Carter,Vince Carter,527,ATL,,FALSE,,FALSE,
Vladimir Radmanovic,Vladimir Radmanovic,528,ATL,,FALSE,,FALSE,
Walker Russell Sr.,Walker Russell Sr.,529,ATL,,FALSE,,FALSE,
Walt Bellamy,Walt Bellamy,530,ATL,,FALSE,,FALSE,
Walt Davis,Walt Davis,531,ATL,,FALSE,,FALSE,
Walt Hazzard,Walt Hazzard,532,ATL,,FALSE,,FALSE,
Walt Kirk,Walt Kirk,533,ATL,,FALSE,,FALSE,
Warren Perkins,Warren Perkins,534,ATL,,FALSE,,FALSE,
Wes Matthews,Wes Matthews,535,ATL,,FALSE,,FALSE,
Wesley Person,Wesley Person,536,ATL,,FALSE,,FALSE,
Whitey Von Nieda,Whitey Von Nieda,537,ATL,,FALSE,,FALSE,
Wilbur Holland,Wilbur Holland,538,ATL,,FALSE,,FALSE,
Willie Burton,Willie Burton,539,ATL,,FALSE,,FALSE,
Willie Green,Willie Green,540,ATL,,FALSE,,FALSE,
Willie Naulls,Willie Naulls,541,ATL,,FALSE,,FALSE,
Win Wilfong,Win Wilfong,542,ATL,,FALSE,,FALSE,
Woody Sauldsberry,Woody Sauldsberry,543,ATL,,FALSE,,FALSE,
Worthy Patterson,Worthy Patterson,544,ATL,,FALSE,,FALSE,
Zaza Pachulia,Zaza Pachulia,545,ATL,,FALSE,,FALSE,
Zeljko Rebraca,Zeljko Rebraca,546,ATL,,FALSE,,FALSE,
Zelmo Beaty,Zelmo Beaty,547,ATL,,FALSE,,FALSE,